"author_id";"name"
354;"kubernetes"
10183;"kubernetes"
17607;"node"
37310;"kubernetes"
47313;"symfony"
54666;"node"
57224;"symfony"
73419;"symfony"
100893;"kubernetes"
169553;"kubernetes"
243674;"symfony"
275871;"node"
408368;"symfony"
439929;"node"
451477;"kubernetes"
576341;"kubernetes"
677994;"node"
696611;"node"
718899;"node"
730123;"kubernetes"
899444;"node"
980082;"kubernetes"
1093990;"node"
1163175;"kubernetes"
1332699;"kubernetes"
1538624;"node"
1613024;"kubernetes"
1701782;"kubernetes"
1703842;"kubernetes"
1745006;"kubernetes"
1787169;"kubernetes"
1957048;"symfony"
2211145;"symfony"
2352663;"node"
2512748;"node"
2823529;"kubernetes"
3272040;"kubernetes"
3596412;"kubernetes"
3900799;"kubernetes"
3902875;"kubernetes"
4299420;"node"
4461983;"kubernetes"
4876867;"kubernetes"
5442475;"kubernetes"
5595220;"kubernetes"
5821883;"kubernetes"
6233452;"kubernetes"
7063592;"kubernetes"
7502063;"symfony"
7946809;"tensorflow"
8061296;"kubernetes"
8225098;"kubernetes"
10107633;"symfony"
10199099;"kubernetes"
10524058;"kubernetes"
10743879;"kubernetes"
10819974;"kubernetes"
16824702;"tensorflow"
18107181;"kubernetes"
19172805;"kubernetes"
