author_id,name
278,kubernetes
354,kubernetes
10183,kubernetes
17607,node
20809,node
23304,kubernetes
37310,kubernetes
41858,kubernetes
47313,symfony
52195,node
54666,node
57224,symfony
73419,symfony
79017,node
87088,kubernetes
96947,node
98927,kubernetes
100893,kubernetes
101553,node
121003,symfony
158611,kubernetes
169553,kubernetes
174200,kubernetes
184976,kubernetes
190447,symfony
192142,tensorflow
234659,node
238531,node
243674,symfony
275871,node
289174,node
291301,node
298299,kubernetes
309126,kubernetes
331852,kubernetes
376661,node
408368,symfony
439401,symfony
439929,node
451477,kubernetes
463737,tensorflow
493891,kubernetes
496233,symfony
498775,node
505333,node
576341,kubernetes
577277,tensorflow
610090,symfony
647318,kubernetes
676637,kubernetes
677994,node
695290,kubernetes
696611,node
718899,node
730123,kubernetes
774455,kubernetes
804625,symfony
826111,kubernetes
837034,kubernetes
899444,node
903617,kubernetes
904790,symfony
915544,kubernetes
917931,kubernetes
921145,symfony
947971,kubernetes
980082,kubernetes
988441,node
1047696,symfony
1084056,node
1093990,node
1146263,kubernetes
1163175,kubernetes
1231441,symfony
1275206,symfony
1299636,tensorflow
1315533,node
1332699,kubernetes
1431969,kubernetes
1443911,node
1506493,symfony
1538624,node
1613024,kubernetes
1689416,kubernetes
1701782,kubernetes
1703842,kubernetes
1745006,kubernetes
1752631,kubernetes
1754678,symfony
1756505,kubernetes
1787169,kubernetes
1796778,kubernetes
1867202,kubernetes
1929644,kubernetes
1957048,symfony
2028198,symfony
2211145,symfony
2342749,kubernetes
2352663,node
2512748,node
2519571,kubernetes
2589105,kubernetes
2716794,symfony
2823529,kubernetes
2842176,node
3020626,node
3076896,kubernetes
3109072,node
3262098,kubernetes
3272040,kubernetes
3390333,kubernetes
3451634,symfony
3596412,kubernetes
3876739,kubernetes
3900799,kubernetes
3902875,kubernetes
4299420,node
4333971,kubernetes
4461983,kubernetes
4516999,kubernetes
4790487,kubernetes
4876867,kubernetes
4923335,node
4953962,kubernetes
5013060,kubernetes
5094756,kubernetes
5122391,kubernetes
5175937,symfony
5319646,kubernetes
5442475,kubernetes
5445507,node
5449021,kubernetes
5459214,kubernetes
5595220,kubernetes
5751682,kubernetes
5821883,kubernetes
5952481,node
6233452,kubernetes
6284003,kubernetes
6629765,kubernetes
6733629,kubernetes
6871899,symfony
7062400,kubernetes
7063592,kubernetes
7368979,kubernetes
7502063,symfony
7688266,kubernetes
7740897,kubernetes
7751204,kubernetes
7813699,kubernetes
7882754,kubernetes
7946809,tensorflow
8061296,kubernetes
8225098,kubernetes
8681801,kubernetes
8739301,kubernetes
8822573,node
9295657,kubernetes
9373002,node
10052848,kubernetes
10071498,kubernetes
10107633,symfony
10199099,kubernetes
10393198,node
10524058,kubernetes
10743879,kubernetes
10819974,kubernetes
10933333,node
11380896,kubernetes
11638619,node
11657829,kubernetes
11936386,kubernetes
13093042,node
13111288,kubernetes
13374016,kubernetes
13621088,kubernetes
14308438,kubernetes
15881573,kubernetes
15943089,node
16024985,node
16105680,kubernetes
16662068,kubernetes
16824702,tensorflow
16907534,tensorflow
18045633,kubernetes
18107181,kubernetes
19172805,kubernetes
19844283,kubernetes
20855209,kubernetes
20979322,kubernetes
22060313,tensorflow
22985595,kubernetes
23373339,kubernetes
24448061,kubernetes
26879063,kubernetes
29497748,kubernetes
29742491,kubernetes
